ad_id,campaign_id,date,impressions,clicks,spend,conversions,revenue
AD-XAJI0Y,1001,2025-10-03,4893,42,41.82,0,0.12
AD-6DPBHS,1001,2025-10-03,1726,15,14.76,0,0.04
AD-AHXTHV,1001,2025-10-03,58031,504,495.96,2,1.37
AD-3A3ZMF,1002,2025-10-03,18980,272,79.96,22,539.91
AD-8MDD4V,1002,2025-10-03,15957,228,67.22,18,453.93
AD-30T9NT,1002,2025-10-03,16111,231,67.87,18,458.31
AD-3W5UZB,1003,2025-10-03,7928,96,45.32,4,5.27
AD-IKCIDK,1003,2025-10-03,10580,128,60.48,6,7.04
AD-WNNHJ7,1003,2025-10-03,26722,323,152.76,15,17.78
AD-XVG0FN,1003,2025-10-03,3870,46,22.12,2,2.57
AD-9XUY41,1003,2025-10-03,12545,152,71.72,7,8.35
AD-IBLJH7,1004,2025-10-03,13806,259,92.31,5,49.36
AD-5LXO6Q,1004,2025-10-03,15649,294,104.63,6,55.95
AD-JIUJV6,1004,2025-10-03,7671,144,51.29,3,27.43
AD-OH9SDB,1005,2025-10-03,8312,138,30.73,9,316.27
AD-DW2PCN,1005,2025-10-03,1036,17,3.83,1,39.46
AD-9T84AZ,1005,2025-10-03,3761,62,13.91,4,143.12
AD-YTJXEP,1005,2025-10-03,1293,21,4.78,1,49.22
AD-Q85JSG,1006,2025-10-03,3605,50,10.17,0,0.0
AD-65KXVF,1006,2025-10-03,10089,140,28.45,0,0.0
AD-1T2TAL,1006,2025-10-03,366,5,1.03,0,0.0
AD-A753LC,1006,2025-10-03,863,11,2.43,0,0.0
AD-58DRC1,1006,2025-10-03,183,2,0.52,0,0.0
AD-1ERTJ5,1007,2025-10-03,18898,280,169.66,2,1.3
AD-PHT0HL,1007,2025-10-03,44833,664,402.5,6,3.07
AD-9XPSEI,1008,2025-10-03,45319,314,247.45,5,44.25
AD-MVIHCW,1008,2025-10-03,1132,7,6.18,0,1.11
AD-I64CIY,1001,2025-10-04,1431,22,6.12,0,0.0
AD-HE7UR2,1001,2025-10-04,397,6,1.7,0,0.0
AD-3GDPPQ,1001,2025-10-04,6410,101,27.44,0,0.0
AD-0Y9DOM,1002,2025-10-04,20797,137,138.59,16,327.38
AD-5IGQPK,1002,2025-10-04,16138,106,107.55,13,254.04
AD-I7P5TB,1003,2025-10-04,10368,30,105.84,1,1.43
AD-94874F,1003,2025-10-04,11264,33,115.0,1,1.56
AD-RHOCN9,1003,2025-10-04,8495,25,86.72,0,1.17
AD-J2QP89,1004,2025-10-04,15358,56,94.57,1,11.51
AD-UZFK8U,1004,2025-10-04,51478,191,316.98,5,38.56
AD-T0CVS4,1005,2025-10-04,14198,244,196.81,20,701.8
AD-F8CGVY,1005,2025-10-04,8828,152,122.38,12,436.39
AD-IE6IVW,1005,2025-10-04,5366,92,74.39,7,265.26
AD-PVS7HZ,1005,2025-10-04,10971,188,152.08,15,542.29
AD-IOYKL1,1005,2025-10-04,8705,149,120.68,12,430.33
AD-CQ99CH,1006,2025-10-04,4896,86,31.2,0,0.0
AD-J755NF,1006,2025-10-04,1491,26,9.5,0,0.0
AD-4ZW9XA,1007,2025-10-04,2963,57,18.15,0,0.0
AD-3KX7EE,1007,2025-10-04,789,15,4.83,0,0.0
AD-DTJVZH,1008,2025-10-04,563,6,4.63,0,1.54
AD-WJR64D,1008,2025-10-04,2459,26,20.2,0,6.74
AD-PJA1WJ,1001,2025-10-05,1725,20,3.45,0,0.0
AD-0TPAC5,1001,2025-10-05,20881,247,41.76,0,0.0
AD-6T4UFE,1002,2025-10-05,18058,195,142.75,15,293.0
AD-L6246H,1002,2025-10-05,20150,218,159.28,17,326.93
AD-ID25OW,1002,2025-10-05,1891,20,14.95,1,30.69
AD-F75935,1002,2025-10-05,10353,112,81.84,8,167.98
AD-A0L725,1002,2025-10-05,6220,67,49.17,5,100.93
AD-3J2D54,1003,2025-10-05,12821,261,35.83,19,33.44
AD-I3QK2I,1003,2025-10-05,1308,26,3.66,1,3.41
AD-AGL58K,1003,2025-10-05,5682,115,15.88,8,14.82
AD-XO9T7E,1003,2025-10-05,9529,194,26.63,14,24.86
AD-8G8JDP,1003,2025-10-05,15650,319,43.73,23,40.82
AD-0LVSNU,1004,2025-10-05,2266,6,16.33,0,0.0
AD-JZA7TZ,1004,2025-10-05,3261,9,23.5,0,0.0
AD-0YNCXL,1005,2025-10-05,267,2,1.16,0,3.55
AD-L4ZKLO,1005,2025-10-05,5598,53,24.32,2,74.33
AD-OKEP7Y,1005,2025-10-05,1010,9,4.39,0,13.42
AD-6WKTAK,1005,2025-10-05,420,4,1.83,0,5.58
AD-PUXQPH,1005,2025-10-05,7767,74,33.74,3,103.14
AD-R62GDS,1006,2025-10-05,16801,56,177.63,0,0.15
AD-WM31YI,1006,2025-10-05,4488,15,47.46,0,0.04
AD-HAIR4C,1006,2025-10-05,18940,63,200.24,0,0.17
AD-OWGZRI,1006,2025-10-05,16482,55,174.25,0,0.15
AD-XA11DP,1007,2025-10-05,50149,689,243.58,5,2.54
AD-G8SBI4,1007,2025-10-05,1867,25,9.07,0,0.09
AD-Q2Y9V8,1007,2025-10-05,176,2,0.86,0,0.01
AD-6WZS3T,1007,2025-10-05,6573,90,31.93,0,0.33
AD-60RJIW,1007,2025-10-05,1901,26,9.24,0,0.1
AD-1SWJCK,1008,2025-10-05,2758,47,27.24,1,5.39
AD-JLTEIY,1008,2025-10-05,1854,31,18.31,0,3.62
AD-ZCOTOH,1008,2025-10-05,1683,28,16.62,0,3.29
AD-P6VZ41,1008,2025-10-05,21738,373,214.67,8,42.49
AD-NAM148,1001,2025-10-06,3483,60,24.08,0,0.0
AD-P0TVHH,1001,2025-10-06,2747,47,18.98,0,0.0
AD-PBMYOF,1002,2025-10-06,771,9,1.76,1,31.49
AD-QEWAOU,1002,2025-10-06,11160,133,25.53,16,455.76
AD-AXEQBN,1002,2025-10-06,12174,145,27.85,18,497.2
AD-HL1N13,1002,2025-10-06,9745,116,22.29,14,397.99
AD-JCAT9M,1002,2025-10-06,1828,21,4.18,2,74.69
AD-X2X18H,1003,2025-10-06,16589,186,152.98,8,12.32
AD-AFEYUH,1003,2025-10-06,24482,275,225.75,13,18.18
AD-Z1GV0E,1004,2025-10-06,845,11,2.76,0,2.19
AD-38DALY,1004,2025-10-06,2712,35,8.85,1,7.02
AD-8OZCYW,1004,2025-10-06,12872,170,42.0,5,33.32
AD-D14VE9,1004,2025-10-06,5141,68,16.77,2,13.31
AD-2MPNSM,1004,2025-10-06,3394,45,11.08,1,8.79
AD-43D8W3,1005,2025-10-06,3991,56,34.65,3,139.09
AD-ZP08J3,1005,2025-10-06,1744,24,15.14,1,60.78
AD-TRP0J4,1005,2025-10-06,2699,38,23.44,2,94.08
AD-3D5IQV,1005,2025-10-06,1467,20,12.74,1,51.16
AD-NB4GH2,1005,2025-10-06,4689,66,40.71,4,163.41
AD-M5ZJA8,1006,2025-10-06,4050,61,72.91,0,0.31
AD-DZR1YX,1006,2025-10-06,417,6,7.51,0,0.03
AD-R2DHYL,1006,2025-10-06,17444,262,313.99,1,1.33
AD-URTP0L,1006,2025-10-06,224,3,4.04,0,0.02
AD-ZJJEGE,1006,2025-10-06,6929,104,124.73,0,0.53
AD-T1GHR0,1007,2025-10-06,31479,285,228.08,2,0.6
AD-9SKDGI,1007,2025-10-06,33945,308,245.96,2,0.65
AD-GATJ9T,1008,2025-10-06,19382,128,116.21,4,33.61
AD-ZE5R5U,1008,2025-10-06,3525,23,21.14,0,6.11
AD-QPGB7R,1008,2025-10-06,10645,70,63.83,2,18.46
AD-3OCWBF,1008,2025-10-06,1246,8,7.48,0,2.16
AD-UK9E1V,1008,2025-10-06,3057,20,18.33,0,5.3
AD-2ISQP4,1001,2025-10-07,726,14,6.9,0,0.02
AD-9KWV08,1001,2025-10-07,8819,177,83.67,0,0.2
AD-HHXFGC,1001,2025-10-07,9850,198,93.45,0,0.22
AD-AQVKIZ,1002,2025-10-07,21487,157,257.51,10,245.7
AD-ZQY72W,1002,2025-10-07,7726,56,92.59,3,88.35
AD-X7PTX6,1002,2025-10-07,15828,116,189.69,7,180.99
AD-3CFL0U,1003,2025-10-07,33401,476,399.28,13,21.6
AD-KEYZ7S,1003,2025-10-07,6911,98,82.62,2,4.47
AD-RCBPLJ,1003,2025-10-07,5122,73,61.23,2,3.31
AD-D84U89,1003,2025-10-07,16739,238,200.11,6,10.83
AD-YJB1QX,1003,2025-10-07,3852,54,46.06,1,2.49
AD-6GVWRD,1004,2025-10-07,10281,108,129.71,3,15.45
AD-MLY4LY,1004,2025-10-07,15112,159,190.66,4,22.71
AD-K83TQL,1004,2025-10-07,25373,268,320.11,7,38.14
AD-L8OS9X,1004,2025-10-07,1191,12,15.03,0,1.79
AD-TOGN1W,1005,2025-10-07,4803,44,35.51,3,73.7
AD-1HT7PZ,1005,2025-10-07,5356,49,39.59,3,82.18
AD-E9VIFT,1005,2025-10-07,7959,74,58.84,5,122.12
AD-TD96QE,1006,2025-10-07,14458,190,75.18,0,0.48
AD-3RZSJ4,1006,2025-10-07,10127,133,52.66,0,0.34
AD-9ITN7S,1006,2025-10-07,7630,100,39.67,0,0.25
AD-55J2O7,1006,2025-10-07,1231,16,6.41,0,0.04
AD-S3KKV9,1007,2025-10-07,2320,37,16.74,0,0.0
AD-RFTMTT,1007,2025-10-07,3209,51,23.15,0,0.0
AD-QLGZUI,1007,2025-10-07,2421,38,17.46,0,0.0
AD-1B0Z3N,1008,2025-10-07,1797,16,13.7,0,2.15
AD-X39RBS,1008,2025-10-07,1303,11,9.94,0,1.56
AD-V55PSQ,1008,2025-10-07,2957,26,22.54,0,3.54
AD-0OXFQ8,1001,2025-10-08,17075,302,193.93,1,0.72
AD-MYX444,1001,2025-10-08,3953,69,44.91,0,0.17
AD-NLZ15B,1002,2025-10-08,4043,66,35.71,5,134.48
AD-CW790P,1002,2025-10-08,12210,201,107.83,15,406.11
AD-DW5PY6,1002,2025-10-08,28365,467,250.5,36,943.43
AD-B2KNFT,1003,2025-10-08,14456,154,148.85,12,17.1
AD-U2GC5W,1003,2025-10-08,23290,248,239.81,19,27.55
AD-I6FQJJ,1004,2025-10-08,15533,137,152.96,3,25.17
AD-A26YFP,1004,2025-10-08,9165,81,90.26,2,14.85
AD-MVXPJ4,1004,2025-10-08,2139,18,21.07,0,3.47
AD-HNRIUU,1004,2025-10-08,15332,135,150.99,3,24.85
AD-9K9XJU,1004,2025-10-08,5511,48,54.27,1,8.93
AD-Y0BVR6,1005,2025-10-08,28970,679,295.37,9,252.86
AD-K2VMWW,1005,2025-10-08,8588,201,87.57,2,74.97
AD-YZX4W6,1006,2025-10-08,42949,675,381.61,3,1.76
AD-XLPU0D,1006,2025-10-08,448,7,3.99,0,0.02
AD-K0GET8,1006,2025-10-08,10422,164,92.6,0,0.43
AD-T63J3R,1006,2025-10-08,6160,96,54.73,0,0.25
AD-30ME8F,1007,2025-10-08,20714,324,229.38,0,0.3
AD-840982,1007,2025-10-08,1476,23,16.35,0,0.02
AD-N2ATQY,1007,2025-10-08,6705,105,74.25,0,0.1
AD-YV37DI,1008,2025-10-08,15455,292,86.05,4,43.08
AD-A5U6HC,1008,2025-10-08,11166,211,62.18,3,31.13
AD-36KOF8,1008,2025-10-08,28718,543,159.9,7,80.05
AD-KRD5EQ,1008,2025-10-08,6726,127,37.45,1,18.75
AD-Y08P0F,1001,2025-10-09,9444,112,37.71,0,0.11
AD-ODRO8B,1001,2025-10-09,10190,121,40.68,0,0.12
AD-NP84DY,1001,2025-10-09,12098,143,48.3,0,0.14
AD-T9MOGE,1002,2025-10-09,4876,73,56.56,5,150.58
AD-4QXXVA,1002,2025-10-09,42356,639,491.26,48,1307.88
AD-2IEUC1,1003,2025-10-09,11887,147,118.28,10,12.52
AD-HH5LF6,1003,2025-10-09,15980,198,159.02,13,16.83
AD-A4FEJG,1003,2025-10-09,22811,283,226.99,19,24.02
AD-XAA2IL,1004,2025-10-09,9857,189,122.71,5,38.08
AD-GB0S0R,1004,2025-10-09,4482,86,55.79,2,17.31
AD-2SDS8B,1004,2025-10-09,25089,481,312.32,13,96.91
AD-25SQ8C,1004,2025-10-09,11846,227,147.47,6,45.76
AD-ROYR6C,1004,2025-10-09,6281,120,78.19,3,24.26
AD-CVCJWT,1005,2025-10-09,23882,71,193.14,3,138.27
AD-L9TQVD,1005,2025-10-09,13243,39,107.11,2,76.67
AD-Z4X1ZH,1006,2025-10-09,25229,102,315.23,0,0.27
AD-QIMQOD,1006,2025-10-09,2827,11,35.33,0,0.03
AD-PXNF7C,1006,2025-10-09,8280,33,103.45,0,0.09
AD-3DD03U,1006,2025-10-09,2985,12,37.3,0,0.03
AD-VULEMX,1006,2025-10-09,10567,42,132.03,0,0.11
AD-15Z8VM,1007,2025-10-09,326,3,3.5,0,0.0
AD-UHXID4,1007,2025-10-09,4901,55,52.51,0,0.0
AD-N1U349,1007,2025-10-09,3183,35,34.11,0,0.0
AD-3WXA73,1007,2025-10-09,5772,65,61.84,0,0.0
AD-JGZLMA,1007,2025-10-09,10178,114,109.05,0,0.0
AD-5UOFWB,1008,2025-10-09,2120,19,18.81,0,1.23
AD-0HPMNZ,1008,2025-10-09,1532,14,13.6,0,0.89
AD-1UDBFW,1008,2025-10-09,13899,129,123.27,1,8.03
AD-YJXRPJ,1008,2025-10-09,9338,86,82.82,0,5.4
AD-1EPKYR,1001,2025-10-10,13308,93,81.03,0,0.26
AD-YBOVAK,1001,2025-10-10,2750,19,16.74,0,0.05
AD-HEJLA0,1001,2025-10-10,12672,89,77.15,0,0.25
AD-GNZS43,1002,2025-10-10,1204,21,9.03,0,21.8
AD-C5BA75,1002,2025-10-10,3389,61,25.42,2,61.36
AD-UUZPEA,1002,2025-10-10,2251,40,16.88,1,40.75
AD-L2W37D,1002,2025-10-10,3608,65,27.06,2,65.33
AD-4IVSOL,1003,2025-10-10,2519,33,18.01,3,4.9
AD-MLGSES,1003,2025-10-10,10271,135,73.43,13,19.95
AD-6M033I,1003,2025-10-10,1875,24,13.4,2,3.64
AD-FHV1XG,1003,2025-10-10,3160,41,22.59,4,6.14
AD-1R11Q7,1004,2025-10-10,1940,20,16.69,1,6.48
AD-UWW5WF,1004,2025-10-10,31850,331,274.06,16,106.44
AD-CPKJCS,1005,2025-10-10,10440,133,58.01,3,92.24
AD-LQC3C5,1005,2025-10-10,2999,38,16.66,1,26.5
AD-4WSQT2,1005,2025-10-10,5245,66,29.14,1,46.34
AD-6Q3XLR,1005,2025-10-10,5209,66,28.94,1,46.02
AD-FCD6MZ,1006,2025-10-10,6437,138,29.36,0,0.38
AD-SGIPPS,1006,2025-10-10,1821,39,8.31,0,0.11
AD-FNKOMV,1007,2025-10-10,3298,40,26.58,0,0.0
AD-2XCDYK,1007,2025-10-10,1967,24,15.86,0,0.0
AD-0X65MU,1007,2025-10-10,938,11,7.56,0,0.0
AD-FM8ZOV,1008,2025-10-10,608,10,3.73,0,1.08
AD-7LN23Y,1008,2025-10-10,24359,406,149.53,6,43.46
AD-30YSXP,1008,2025-10-10,14990,250,92.02,3,26.74
AD-NNGH8R,1008,2025-10-10,1293,21,7.94,0,2.31
AD-IEC4D1,1001,2025-10-11,4637,45,17.72,0,0.06
AD-45BM1E,1001,2025-10-11,9136,88,34.91,0,0.11
AD-NF313F,1001,2025-10-11,13082,127,49.99,0,0.16
AD-POYIPK,1001,2025-10-11,19012,184,72.65,0,0.24
AD-0QTL3Q,1001,2025-10-11,9087,88,34.73,0,0.11
AD-4N89QK,1002,2025-10-11,15039,157,111.03,16,457.22
AD-NS832E,1002,2025-10-11,2244,23,16.57,2,68.24
AD-JX5TD4,1002,2025-10-11,11745,123,86.71,13,357.06
AD-4K1J6F,1002,2025-10-11,15061,157,111.19,16,457.87
AD-P8HQMA,1003,2025-10-11,13515,185,74.79,11,10.67
AD-BSI9NB,1003,2025-10-11,22573,310,124.92,20,17.81
AD-74X2EK,1004,2025-10-11,42047,326,143.81,0,4.89
AD-3ZEZQA,1004,2025-10-11,5540,43,18.95,0,0.64
AD-CJ4T0S,1005,2025-10-11,9662,139,115.37,10,460.43
AD-EKKBP2,1005,2025-10-11,13059,188,155.94,14,622.32
AD-QD6VAS,1005,2025-10-11,30056,432,358.89,34,1432.25
AD-IFPWIO,1006,2025-10-11,13681,163,28.54,0,0.45
AD-XD9CSS,1006,2025-10-11,21144,251,44.11,1,0.7
AD-9TOQW9,1007,2025-10-11,3478,66,23.92,0,0.0
AD-JA2M0W,1007,2025-10-11,2945,56,20.25,0,0.0
AD-10LBT3,1007,2025-10-11,517,9,3.56,0,0.0
AD-G2QZW3,1007,2025-10-11,324,6,2.23,0,0.0
AD-C1QKBH,1008,2025-10-11,12727,195,120.86,0,10.68
AD-B7S9TJ,1008,2025-10-11,1796,27,17.05,0,1.51
AD-1GM25L,1001,2025-10-12,29462,192,262.69,0,0.4
AD-EN606N,1001,2025-10-12,10638,69,94.85,0,0.14
AD-9RR7S2,1002,2025-10-12,2302,37,16.19,3,65.81
AD-0CV3TL,1002,2025-10-12,809,13,5.7,1,23.15
AD-CXLVPY,1002,2025-10-12,367,6,2.58,0,10.5
AD-MB5M9J,1003,2025-10-12,200,3,0.79,0,0.39
AD-98CWN2,1003,2025-10-12,1239,19,4.91,2,2.38
AD-Y8FV2B,1003,2025-10-12,829,12,3.29,1,1.6
AD-C2NNUV,1003,2025-10-12,1566,24,6.21,2,3.01
AD-Y8N1UT,1004,2025-10-12,673,8,4.9,0,1.5
AD-OXIE0R,1004,2025-10-12,779,10,5.67,0,1.73
AD-NUJJQ9,1004,2025-10-12,615,7,4.47,0,1.37
AD-K6RE4Q,1004,2025-10-12,711,9,5.17,0,1.58
AD-6QDY4L,1004,2025-10-12,772,10,5.61,0,1.72
AD-MCT64Z,1005,2025-10-12,6944,105,70.17,0,14.02
AD-7W2SEH,1005,2025-10-12,8989,137,90.84,0,18.14
AD-E2ATN2,1006,2025-10-12,1952,29,15.4,0,0.16
AD-TWDL9Z,1006,2025-10-12,738,11,5.82,0,0.06
AD-S13C9X,1006,2025-10-12,6422,98,50.65,0,0.53
AD-QYM52X,1006,2025-10-12,1353,20,10.67,0,0.11
AD-G8P6BE,1007,2025-10-12,1030,3,11.64,0,0.0
AD-FFLZM7,1007,2025-10-12,10853,32,122.62,0,0.0
AD-64JWTE,1007,2025-10-12,6648,19,75.1,0,0.0
AD-KTSG7F,1008,2025-10-12,22312,292,172.81,4,30.11
AD-XZV4U3,1008,2025-10-12,2286,29,17.7,0,3.09
AD-BBXUX1,1001,2025-10-13,1538,32,12.63,0,0.0
AD-OXRWK8,1001,2025-10-13,952,20,7.82,0,0.0
AD-R2YKCC,1001,2025-10-13,1221,25,10.03,0,0.0
AD-PRHVLZ,1002,2025-10-13,20670,619,156.0,1,25.56
AD-049ENU,1002,2025-10-13,16640,499,125.58,0,20.58
AD-LQJIDK,1003,2025-10-13,23072,512,197.29,44,57.77
AD-NWI5FL,1003,2025-10-13,8449,187,72.26,16,21.16
AD-UL1RSR,1003,2025-10-13,4943,109,42.27,9,12.38
AD-LA8S8H,1004,2025-10-13,542,9,1.36,0,1.21
AD-MBR5XQ,1004,2025-10-13,709,11,1.77,0,1.58
AD-T4P501,1004,2025-10-13,219,3,0.55,0,0.49
AD-NOUHTC,1004,2025-10-13,314,5,0.79,0,0.7
AD-S1K9YE,1004,2025-10-13,674,11,1.69,0,1.5
AD-9O2M71,1005,2025-10-13,6552,125,59.08,4,132.8
AD-HSSBEL,1005,2025-10-13,13382,257,120.67,9,271.26
AD-RQVSLW,1005,2025-10-13,12764,245,115.1,8,258.73
AD-F90KM3,1005,2025-10-13,2944,56,26.56,2,59.69
AD-TZK3NY,1006,2025-10-13,8408,69,46.36,0,0.0
AD-9V20YA,1006,2025-10-13,3015,24,16.63,0,0.0
AD-R821UZ,1007,2025-10-13,556,1,6.26,0,0.0
AD-VGWW4F,1007,2025-10-13,48614,145,546.74,0,0.0
AD-YB8DAL,1008,2025-10-13,11366,208,71.13,3,35.56
AD-FYO175,1008,2025-10-13,5114,93,32.01,1,16.0
AD-0CEHLX,1008,2025-10-13,2161,39,13.53,0,6.76
AD-SLG6MM,1008,2025-10-13,5118,93,32.03,1,16.01
AD-1ZXYVG,1001,2025-10-14,5761,85,13.89,0,0.15
AD-IUI9KK,1001,2025-10-14,75,1,0.18,0,0.0
AD-HZLM72,1001,2025-10-14,6273,92,15.12,0,0.16
AD-JEYN93,1001,2025-10-14,1129,16,2.72,0,0.03
AD-82KKZM,1002,2025-10-14,8719,223,18.42,18,571.22
AD-PJRHT7,1002,2025-10-14,11310,290,23.89,24,740.95
AD-ZEWVIY,1002,2025-10-14,867,22,1.83,1,56.86
AD-TWBOZD,1002,2025-10-14,17327,444,36.6,37,1135.1
AD-1AT7O7,1002,2025-10-14,2945,75,6.22,6,192.93
AD-5RH8LX,1003,2025-10-14,5669,48,30.39,2,2.84
AD-6DUT07,1003,2025-10-14,2229,19,11.95,1,1.12
AD-6G5G79,1003,2025-10-14,8016,68,42.97,3,4.02
AD-OR7875,1003,2025-10-14,4802,41,25.74,2,2.41
AD-AUD9K9,1003,2025-10-14,4895,41,26.24,2,2.45
AD-TR74QG,1004,2025-10-14,1816,35,3.63,0,5.02
AD-EFQJG0,1004,2025-10-14,32376,629,64.76,16,89.4
AD-2U1G46,1005,2025-10-14,11348,192,34.28,8,237.77
AD-3SDYGF,1005,2025-10-14,12501,212,37.76,8,261.94
AD-LIJI18,1005,2025-10-14,3248,55,9.81,2,68.07
AD-K0AXYC,1005,2025-10-14,4972,84,15.02,3,104.18
AD-ELOS6Z,1005,2025-10-14,1814,30,5.48,1,38.03
AD-LE6KWH,1006,2025-10-14,4282,53,28.3,0,0.15
AD-EF0VOT,1006,2025-10-14,5492,69,36.3,0,0.19
AD-QTXHI1,1006,2025-10-14,15056,189,99.5,1,0.51
AD-5CQZCU,1006,2025-10-14,3102,38,20.5,0,0.11
AD-CTSUFL,1007,2025-10-14,5931,58,62.15,0,0.06
AD-SEHUDS,1007,2025-10-14,1377,13,14.43,0,0.01
AD-3QSQCQ,1007,2025-10-14,15193,149,159.2,0,0.16
AD-30O30U,1007,2025-10-14,20168,198,211.33,0,0.21
AD-BMC97C,1008,2025-10-14,7174,144,70.85,3,27.87
AD-7BO119,1008,2025-10-14,11407,230,112.65,4,44.31
AD-XP9N56,1008,2025-10-14,21316,430,210.49,9,82.8
AD-NYXTXM,1008,2025-10-14,7454,150,73.61,3,28.96
AD-GTT0IA,1001,2025-10-15,6353,121,31.71,0,0.17
AD-AKYTT3,1001,2025-10-15,3090,58,15.42,0,0.08
AD-IMJ70E,1001,2025-10-15,323,6,1.61,0,0.01
AD-3P15AH,1001,2025-10-15,4346,82,21.69,0,0.11
AD-DBVZB0,1002,2025-10-15,5128,60,41.03,4,83.76
AD-OIH5CS,1002,2025-10-15,12784,151,102.29,11,208.82
AD-K30LVY,1003,2025-10-15,21883,83,122.37,2,4.9
AD-LKFXHK,1003,2025-10-15,5526,21,30.9,0,1.24
AD-C856WP,1003,2025-10-15,9326,35,52.15,1,2.09
AD-R97Y2L,1004,2025-10-15,3491,44,38.18,1,8.49
AD-OFN1R4,1004,2025-10-15,4554,57,49.81,1,11.07
AD-KZ36U8,1004,2025-10-15,7651,96,83.68,2,18.6
AD-UEIHX7,1005,2025-10-15,2618,17,11.18,0,0.0
AD-4D0GJY,1005,2025-10-15,461,2,1.97,0,0.0
AD-V5G10U,1006,2025-10-15,7360,21,23.27,0,0.0
AD-R5L8A7,1006,2025-10-15,470,1,1.49,0,0.0
AD-8E9RIV,1006,2025-10-15,218,0,0.69,0,0.0
AD-H6T1NT,1006,2025-10-15,3406,9,10.77,0,0.0
AD-MJSRD9,1006,2025-10-15,163,0,0.52,0,0.0
AD-Q46NOU,1007,2025-10-15,20777,134,61.19,0,0.0
AD-HFJ7UP,1007,2025-10-15,3520,22,10.37,0,0.0
AD-FLN4RX,1007,2025-10-15,21468,138,63.22,0,0.0
AD-YJ38XR,1007,2025-10-15,1010,6,2.98,0,0.0
AD-G2GZR7,1008,2025-10-15,3229,50,7.89,0,6.12
AD-TXCB48,1008,2025-10-15,18765,293,45.83,5,35.56
AD-Y1O4IZ,1001,2025-10-16,803,9,9.89,0,0.01
AD-ASNWYW,1001,2025-10-16,823,9,10.14,0,0.01
AD-RRATAT,1001,2025-10-16,23,0,0.29,0,0.0
AD-J9A3Y3,1001,2025-10-16,34907,411,429.8,0,0.52
AD-6DDFGS,1002,2025-10-16,11013,32,114.89,1,27.0
AD-3JONOU,1002,2025-10-16,4928,14,51.41,0,12.08
AD-9IY4X4,1002,2025-10-16,3534,10,36.87,0,8.66
AD-1DNTCA,1003,2025-10-16,5388,105,54.9,5,6.96
AD-GRP2U4,1003,2025-10-16,6120,120,62.34,5,7.91
AD-DTBH55,1004,2025-10-16,4820,70,36.75,2,10.15
AD-RBC76U,1004,2025-10-16,1650,24,12.58,0,3.47
AD-B7L8V1,1004,2025-10-16,16871,245,128.62,7,35.52
AD-ZOCFI4,1005,2025-10-16,2962,34,26.79,1,47.39
AD-O6L1F9,1005,2025-10-16,4145,48,37.5,2,66.33
AD-0S9BP4,1005,2025-10-16,4209,49,38.08,2,67.35
AD-M18O1B,1006,2025-10-16,6268,58,38.06,0,0.15
AD-J9RM7P,1006,2025-10-16,5585,52,33.92,0,0.13
AD-YXDW2Z,1006,2025-10-16,9155,85,55.6,0,0.21
AD-CFZW0L,1006,2025-10-16,17559,164,106.63,0,0.41
AD-DALMJE,1006,2025-10-16,8330,78,50.59,0,0.19
AD-GQTOAM,1007,2025-10-16,1391,25,3.54,0,0.04
AD-DVLNKN,1007,2025-10-16,1596,28,4.06,0,0.05
AD-D669UG,1007,2025-10-16,11948,216,30.39,0,0.38
AD-NEKRCP,1008,2025-10-16,14478,180,147.63,2,26.41
AD-PRCJIW,1008,2025-10-16,19258,240,196.37,3,35.12
AD-VHDK8L,1001,2025-10-17,2717,8,5.43,0,0.0
AD-W2LM34,1001,2025-10-17,1520,4,3.04,0,0.0
AD-9EL8HL,1001,2025-10-17,8268,24,16.53,0,0.0
AD-88KZRU,1001,2025-10-17,5425,16,10.85,0,0.0
AD-IN3OEU,1002,2025-10-17,15550,183,119.78,23,472.22
AD-VTYT8Q,1002,2025-10-17,7938,93,61.15,12,241.07
AD-ZPKY32,1002,2025-10-17,1487,17,11.46,2,45.18
AD-ORWIXZ,1002,2025-10-17,4407,51,33.95,6,133.85
AD-2C9ROS,1002,2025-10-17,20031,235,154.29,30,608.3
AD-7YT2M6,1003,2025-10-17,790,9,7.13,0,0.39
AD-TWD1XM,1003,2025-10-17,6036,70,54.48,2,2.99
AD-XB9YO1,1003,2025-10-17,21387,250,193.01,8,10.59
AD-8PAJSS,1003,2025-10-17,3081,36,27.81,1,1.53
AD-UUQO1V,1003,2025-10-17,20877,244,188.41,8,10.34
AD-SMADO8,1004,2025-10-17,12236,99,66.16,1,10.14
AD-E7FLQH,1004,2025-10-17,11281,91,61.0,1,9.35
AD-RRPZLK,1004,2025-10-17,6948,56,37.57,1,5.76
AD-3E4XYF,1004,2025-10-17,1704,13,9.22,0,1.41
AD-9IGFU8,1005,2025-10-17,18620,181,64.79,11,421.94
AD-IOGXPB,1005,2025-10-17,5089,49,17.71,3,115.33
AD-WHVNZH,1005,2025-10-17,7974,77,27.75,4,180.72
AD-13CD5G,1005,2025-10-17,11265,109,39.2,7,255.29
AD-LQJ5SX,1005,2025-10-17,290,2,1.01,0,6.58
AD-VWVM4W,1006,2025-10-17,7475,51,56.02,0,0.14
AD-3ZKWDE,1006,2025-10-17,524,3,3.93,0,0.01
AD-EKGYSP,1006,2025-10-17,22071,153,165.4,0,0.42
AD-ENGWYX,1006,2025-10-17,416,2,3.12,0,0.01
AD-9TRFLQ,1006,2025-10-17,4606,32,34.53,0,0.09
AD-BMAE38,1007,2025-10-17,8744,60,63.96,0,0.0
AD-SRYO4R,1007,2025-10-17,367,2,2.69,0,0.0
AD-CB1KJT,1007,2025-10-17,5589,38,40.88,0,0.0
AD-GQ01TE,1007,2025-10-17,24057,165,175.96,0,0.0
AD-E13N3B,1007,2025-10-17,852,5,6.23,0,0.0
AD-ZT9D31,1008,2025-10-17,7124,21,31.27,0,4.69
AD-K9QM3P,1008,2025-10-17,5152,15,22.62,0,3.4
AD-91I3VM,1008,2025-10-17,13123,39,57.6,1,8.65
AD-ZWFFHH,1008,2025-10-17,8692,25,38.16,0,5.73
AD-CMKTLZ,1008,2025-10-17,4836,14,21.23,0,3.19
AD-KJ49YD,1001,2025-10-18,3194,56,26.41,0,0.15
AD-82795E,1001,2025-10-18,31168,548,257.61,3,1.44
AD-5IZ31Y,1001,2025-10-18,1310,23,10.83,0,0.06
AD-RUJOQW,1001,2025-10-18,14065,247,116.25,1,0.65
AD-5DSK7N,1002,2025-10-18,23,0,0.17,0,0.62
AD-8LA100,1002,2025-10-18,16716,183,124.37,21,450.66
AD-QXMCTH,1002,2025-10-18,29080,319,216.37,37,783.99
AD-PHJ3MU,1002,2025-10-18,6159,67,45.83,7,166.06
AD-URMYBD,1003,2025-10-18,2298,38,5.82,2,2.73
AD-2QE4PA,1003,2025-10-18,44,0,0.11,0,0.05
AD-8HYEXF,1003,2025-10-18,8301,140,21.02,8,9.86
AD-7JXJN6,1003,2025-10-18,668,11,1.69,0,0.79
AD-FOKZIX,1004,2025-10-18,484,6,5.69,0,1.04
AD-ZAREIY,1004,2025-10-18,3433,46,40.28,1,7.37
AD-AZ39PE,1004,2025-10-18,3809,51,44.7,1,8.18
AD-CN0DL5,1004,2025-10-18,467,6,5.49,0,1.0
AD-E11E9F,1004,2025-10-18,3609,48,42.35,1,7.75
AD-TAXP0W,1005,2025-10-18,3832,70,15.02,3,89.69
AD-FOY4DD,1005,2025-10-18,4985,91,19.55,4,116.7
AD-1VN8LF,1006,2025-10-18,14170,201,76.84,1,0.38
AD-JDTVV2,1006,2025-10-18,50,0,0.27,0,0.0
AD-Y4XKSS,1006,2025-10-18,8427,119,45.7,0,0.22
AD-0KB68R,1006,2025-10-18,30778,436,166.9,2,0.82
AD-ERVT99,1007,2025-10-18,9012,29,18.03,0,0.06
AD-7E4UNY,1007,2025-10-18,46601,154,93.2,0,0.3
AD-181ACJ,1008,2025-10-18,25024,468,273.56,8,51.07
AD-BC2SWS,1008,2025-10-18,20283,379,221.73,6,41.4
AD-OZCTWJ,1001,2025-10-19,11296,33,55.63,0,0.0
AD-LSH3TO,1001,2025-10-19,12005,36,59.12,0,0.0
AD-W4YCZ0,1001,2025-10-19,1959,5,9.65,0,0.0
AD-4CDPQV,1001,2025-10-19,17755,53,87.43,0,0.0
AD-L00EZZ,1001,2025-10-19,10999,32,54.16,0,0.0
AD-F8S2ZG,1002,2025-10-19,5637,64,58.35,5,155.41
AD-E2J51B,1002,2025-10-19,7046,80,72.95,7,194.28
AD-3JCZUC,1002,2025-10-19,168,1,1.74,0,4.63
AD-QMRUNJ,1002,2025-10-19,14858,170,153.81,15,409.63
AD-DU0ISB,1003,2025-10-19,30558,595,258.97,20,24.6
AD-5IQNF7,1003,2025-10-19,9298,181,78.79,6,7.48
AD-4T60PL,1004,2025-10-19,6390,74,17.3,1,9.5
AD-OZJCNS,1004,2025-10-19,4066,47,11.01,1,6.05
AD-6G298C,1005,2025-10-19,18915,195,130.97,8,220.98
AD-QK4LTA,1005,2025-10-19,6583,67,45.58,2,76.91
AD-HUKWQV,1005,2025-10-19,5504,56,38.11,2,64.3
AD-R1H61I,1006,2025-10-19,3759,53,31.72,0,0.14
AD-AOIM45,1006,2025-10-19,2585,36,21.81,0,0.1
AD-8AX40D,1006,2025-10-19,20167,287,170.14,1,0.75
AD-TIRC9Z,1006,2025-10-19,441,6,3.73,0,0.02
AD-D76SZN,1006,2025-10-19,15695,223,132.42,1,0.59
AD-9DDE3C,1007,2025-10-19,1510,22,18.64,0,0.02
AD-UP8IJL,1007,2025-10-19,30520,462,376.78,0,0.38
AD-2Z0LJC,1008,2025-10-19,34510,206,212.47,6,59.5
AD-H2VFFQ,1008,2025-10-19,842,5,5.19,0,1.45
AD-OT8HLJ,1008,2025-10-19,22231,132,136.87,4,38.33
AD-EFY3ZB,1001,2025-10-20,22355,455,218.5,2,0.71
AD-4LDIMS,1001,2025-10-20,24051,490,235.08,2,0.77
AD-YJ9BOQ,1001,2025-10-20,8019,163,78.38,0,0.26
AD-0IQ2FA,1002,2025-10-20,21249,388,114.62,47,1224.88
AD-39E3NW,1002,2025-10-20,1348,24,7.27,2,77.73
AD-XUJ3AC,1002,2025-10-20,5805,106,31.31,12,334.63
AD-6PE63L,1003,2025-10-20,5482,44,30.42,2,2.86
AD-BQGU3O,1003,2025-10-20,11768,95,65.3,4,6.15
AD-BYGHGK,1003,2025-10-20,17730,143,98.37,7,9.26
AD-5BWIKO,1003,2025-10-20,4906,39,27.22,1,2.56
AD-TCKEH5,1004,2025-10-20,10031,298,67.31,5,37.35
AD-SW2292,1004,2025-10-20,8720,259,58.52,4,32.48
AD-MTR6SN,1004,2025-10-20,1090,32,7.32,0,4.06
AD-GLH62C,1004,2025-10-20,6623,197,44.44,3,24.66
AD-9T199D,1004,2025-10-20,3196,95,21.45,1,11.9
AD-XJ37C9,1005,2025-10-20,3534,65,23.57,4,152.49
AD-H42M44,1005,2025-10-20,4741,87,31.61,5,204.57
AD-GV3Z6B,1005,2025-10-20,5206,96,34.72,6,224.65
AD-Z8UUG9,1005,2025-10-20,2507,46,16.72,3,108.17
AD-5RLRDI,1005,2025-10-20,2795,51,18.64,3,120.61
AD-HSA7HE,1006,2025-10-20,4548,13,59.16,0,0.0
AD-Z74LAV,1006,2025-10-20,7866,23,102.31,0,0.0
AD-71448N,1006,2025-10-20,5315,15,69.14,0,0.0
AD-7ODKEF,1007,2025-10-20,11626,195,87.64,1,0.32
AD-828XG8,1007,2025-10-20,1729,29,13.04,0,0.05
AD-Y72IVG,1007,2025-10-20,9621,161,72.53,0,0.27
AD-LYE088,1007,2025-10-20,3342,56,25.19,0,0.09
AD-O98BV7,1007,2025-10-20,5922,99,44.64,0,0.17
AD-8HU7F0,1008,2025-10-20,2081,28,12.75,0,1.18
AD-I9G5DZ,1008,2025-10-20,3602,49,22.07,0,2.05
AD-X5QJIC,1008,2025-10-20,3471,48,21.27,0,1.98
AD-JDAN08,1008,2025-10-20,4355,60,26.68,0,2.48
AD-5RNTDR,1008,2025-10-20,401,5,2.46,0,0.23
AD-5XYFC4,1001,2025-10-21,14040,199,94.63,1,0.31
AD-KL8CGN,1001,2025-10-21,14441,205,97.33,1,0.32
AD-0T6DVW,1001,2025-10-21,7991,113,53.86,0,0.18
AD-RB7F6F,1001,2025-10-21,4278,60,28.84,0,0.09
AD-DHGZZ0,1002,2025-10-21,17785,221,56.04,24,553.01
AD-JKIBU4,1002,2025-10-21,26416,328,83.24,36,821.39
AD-FMPKXV,1003,2025-10-21,15175,105,129.93,8,12.43
AD-HAGKC4,1003,2025-10-21,12182,84,104.31,6,9.97
AD-LORXDT,1004,2025-10-21,15863,287,122.41,7,42.26
AD-G5NQJQ,1004,2025-10-21,481,8,3.72,0,1.28
AD-IJC1YD,1004,2025-10-21,965,17,7.45,0,2.57
AD-MT8VT4,1005,2025-10-21,1226,20,8.29,1,18.05
AD-3PT5R5,1005,2025-10-21,532,8,3.6,0,7.84
AD-RC6ZS6,1005,2025-10-21,687,11,4.65,0,10.13
AD-2YWE1G,1006,2025-10-21,13752,240,110.56,1,0.48
AD-983EP9,1006,2025-10-21,24906,435,200.23,3,0.87
AD-P9W4J6,1006,2025-10-21,4404,77,35.41,0,0.15
AD-6CNOLJ,1007,2025-10-21,5366,99,20.82,0,0.19
AD-Q52WSP,1007,2025-10-21,33747,628,130.95,3,1.23
AD-OFV177,1007,2025-10-21,4366,81,16.94,0,0.16
AD-UDKTMO,1008,2025-10-21,10284,111,78.7,2,21.52
AD-NRVBJF,1008,2025-10-21,387,4,2.97,0,0.81
AD-VYB6LI,1008,2025-10-21,6139,66,46.98,1,12.84
AD-076A3K,1001,2025-10-22,12538,165,127.3,0,0.43
AD-KRZD5E,1001,2025-10-22,7774,102,78.93,0,0.27
AD-9P3JPX,1001,2025-10-22,4874,64,49.49,0,0.17
AD-GH3015,1001,2025-10-22,3816,50,38.75,0,0.13
AD-3SFLSE,1002,2025-10-22,1114,20,6.96,1,57.35
AD-45BG34,1002,2025-10-22,10141,181,63.31,16,521.82
AD-IQ7ZJ3,1003,2025-10-22,6668,127,22.12,9,12.76
AD-SWEBNV,1003,2025-10-22,35513,679,117.81,49,67.97
AD-G5VMF6,1004,2025-10-22,2386,30,9.34,0,1.51
AD-0YKNFU,1004,2025-10-22,3963,49,15.51,0,2.52
AD-84XYJO,1005,2025-10-22,10824,87,32.81,6,247.94
AD-A21A6X,1005,2025-10-22,5274,42,15.99,3,120.81
AD-VAJ2K8,1005,2025-10-22,5940,48,18.0,3,136.07
AD-XPNMJQ,1006,2025-10-22,2860,8,39.68,0,0.0
AD-Y3ODSX,1006,2025-10-22,6557,19,90.97,0,0.0
AD-4NXVKD,1007,2025-10-22,3473,55,30.31,0,0.0
AD-C9X5JZ,1007,2025-10-22,1595,25,13.92,0,0.0
AD-6KF162,1007,2025-10-22,4738,75,41.35,0,0.0
AD-2VXYZX,1007,2025-10-22,1571,25,13.71,0,0.0
AD-9JPNBZ,1008,2025-10-22,13687,40,91.78,0,1.58
AD-UG0IT2,1008,2025-10-22,15666,46,105.05,0,1.81
AD-6YS445,1008,2025-10-22,1691,5,11.34,0,0.2
AD-GDEJ31,1008,2025-10-22,22779,68,152.74,0,2.64
AD-GYMDM0,1001,2025-10-23,7737,64,17.33,0,0.0
AD-L2LJK4,1001,2025-10-23,6343,53,14.21,0,0.0
AD-Q5V7C6,1001,2025-10-23,804,6,1.8,0,0.0
AD-S5NKB4,1001,2025-10-23,1380,11,3.09,0,0.0
AD-EHOU6Q,1002,2025-10-23,32051,96,266.72,7,201.75
AD-LZ2RWG,1002,2025-10-23,8861,26,73.74,2,55.78
AD-WAJ1G1,1002,2025-10-23,14166,42,117.89,3,89.17
AD-R1DWWO,1002,2025-10-23,2257,6,18.78,0,14.21
AD-8NBHNA,1003,2025-10-23,23703,455,193.23,23,30.64
AD-L3GYWI,1003,2025-10-23,4377,84,35.68,4,5.66
AD-YMENVG,1004,2025-10-23,14330,64,70.53,1,8.79
AD-3KK0VM,1004,2025-10-23,8372,37,41.21,0,5.14
AD-59M6MG,1004,2025-10-23,12474,56,61.39,1,7.65
AD-87OI0E,1004,2025-10-23,10947,49,53.88,0,6.72
AD-0VGNXB,1005,2025-10-23,4063,20,25.39,0,19.72
AD-5JTB9X,1005,2025-10-23,1673,8,10.46,0,8.12
AD-XAYPNT,1006,2025-10-23,5527,30,26.42,0,0.0
AD-RFZWKX,1006,2025-10-23,10061,56,48.09,0,0.0
AD-XJVE3D,1007,2025-10-23,1996,18,9.84,0,0.0
AD-ZEEDHH,1007,2025-10-23,4516,42,22.25,0,0.0
AD-JSHZKB,1007,2025-10-23,4211,39,20.75,0,0.0
AD-RH7LAY,1008,2025-10-23,16392,252,194.83,4,31.02
AD-64YFDS,1008,2025-10-23,14325,220,170.26,3,27.11
AD-0DJI9K,1008,2025-10-23,8110,124,96.4,2,15.35
AD-QDGBK2,1008,2025-10-23,7231,111,85.95,1,13.69
AD-L0D1B4,1008,2025-10-23,6657,102,79.13,1,12.6
AD-XGMPW5,1001,2025-10-24,9072,176,57.66,0,0.25
AD-D3GO8J,1001,2025-10-24,24779,481,157.48,1,0.69
AD-N42X2E,1001,2025-10-24,12294,238,78.14,0,0.34
AD-ZC7FOV,1001,2025-10-24,8894,172,56.53,0,0.25
AD-2YGNMB,1001,2025-10-24,4580,88,29.11,0,0.13
AD-Y49E7E,1002,2025-10-24,555,1,1.67,0,3.22
AD-OBJLZY,1002,2025-10-24,7403,22,22.29,1,42.92
AD-1UU9YM,1002,2025-10-24,28327,84,85.3,6,164.23
AD-SZDXIM,1002,2025-10-24,1727,5,5.2,0,10.01
AD-YN4U9B,1002,2025-10-24,10495,31,31.6,2,60.85
AD-XF445C,1003,2025-10-24,2259,22,7.75,1,2.25
AD-RI8BIX,1003,2025-10-24,5785,58,19.85,5,5.76
AD-OIQ2Q4,1003,2025-10-24,8397,84,28.81,7,8.36
AD-QERXDO,1003,2025-10-24,13863,138,47.56,12,13.8
AD-UADVWK,1003,2025-10-24,1415,14,4.85,1,1.41
AD-SHY8NB,1004,2025-10-24,10093,173,93.79,6,30.99
AD-IQUWRX,1004,2025-10-24,964,16,8.96,0,2.96
AD-ZE1HM3,1004,2025-10-24,14541,249,135.12,9,44.65
AD-8KSZBF,1004,2025-10-24,1411,24,13.12,0,4.33
AD-FZZDVG,1004,2025-10-24,18069,310,167.9,12,55.48
AD-7OQ2ZD,1005,2025-10-24,1202,6,5.21,0,5.1
AD-O74V1Q,1005,2025-10-24,3138,17,13.59,0,13.31
AD-X8ERTB,1005,2025-10-24,7681,42,33.27,1,32.59
AD-74RS7G,1005,2025-10-24,1444,8,6.26,0,6.13
AD-U0ENV5,1006,2025-10-24,9515,136,137.78,0,0.29
AD-SN961J,1006,2025-10-24,5645,80,81.74,0,0.17
AD-88QEOZ,1006,2025-10-24,7915,113,114.61,0,0.24
AD-0KZ4Z7,1007,2025-10-24,31109,388,208.54,2,0.87
AD-WHWKMY,1007,2025-10-24,3707,46,24.85,0,0.1
AD-9X8SYL,1007,2025-10-24,5798,72,38.87,0,0.16
AD-EMRUYP,1008,2025-10-24,22966,251,108.7,5,37.05
AD-04K43S,1008,2025-10-24,6197,67,29.33,1,10.0
AD-AFYH1F,1008,2025-10-24,19653,214,93.01,4,31.7
AD-KJ4YK1,1001,2025-10-25,6055,17,38.43,0,0.0
AD-B3D505,1001,2025-10-25,804,2,5.1,0,0.0
AD-0UI22K,1001,2025-10-25,2921,8,18.54,0,0.0
AD-X7N89L,1001,2025-10-25,2127,6,13.5,0,0.0
AD-TAJW25,1001,2025-10-25,662,1,4.2,0,0.0
AD-36ZX1T,1002,2025-10-25,10987,127,42.25,3,91.41
AD-V18KGY,1002,2025-10-25,46519,541,178.86,15,387.02
AD-GGSNPU,1003,2025-10-25,4949,78,36.76,3,5.06
AD-EVJLZF,1003,2025-10-25,1176,18,8.74,0,1.2
AD-FLB7WX,1003,2025-10-25,4672,74,34.7,3,4.77
AD-RUM2LH,1003,2025-10-25,5077,80,37.71,3,5.19
AD-GCSOTD,1004,2025-10-25,7968,149,15.94,3,17.07
AD-HHLMH1,1004,2025-10-25,89,1,0.18,0,0.19
AD-T939AY,1004,2025-10-25,1795,33,3.59,0,3.85
AD-Q6WW8Y,1005,2025-10-25,218,1,1.36,0,0.75
AD-L68NTK,1005,2025-10-25,2414,11,15.01,0,8.31
AD-63N2QB,1005,2025-10-25,19367,88,120.44,2,66.7
AD-6GS8G8,1005,2025-10-25,5701,26,35.46,0,19.64
AD-TACY15,1005,2025-10-25,3237,14,20.14,0,11.15
AD-PDTZ91,1006,2025-10-25,39316,586,153.97,3,2.7
AD-X70FQL,1006,2025-10-25,10790,161,42.26,1,0.74
AD-DB2UUI,1007,2025-10-25,60427,862,120.86,1,0.78
AD-JNWPAY,1007,2025-10-25,457,6,0.91,0,0.01
AD-TXW1VZ,1008,2025-10-25,936,9,3.61,0,1.29
AD-C7D2KD,1008,2025-10-25,4865,51,18.78,0,6.68
AD-1POXRT,1008,2025-10-25,1538,16,5.94,0,2.11
AD-EO2T8F,1008,2025-10-25,77,0,0.3,0,0.11
AD-Y620N8,1001,2025-10-26,5634,27,48.11,0,0.0
AD-TTEAVT,1001,2025-10-26,17302,83,147.73,0,0.0
AD-8K06MO,1001,2025-10-26,960,4,8.2,0,0.0
AD-XSFH4G,1001,2025-10-26,6230,29,53.2,0,0.0
AD-G24479,1002,2025-10-26,20486,197,177.44,22,621.34
AD-QTKCD0,1002,2025-10-26,25121,242,217.59,27,761.91
AD-RLEXDW,1003,2025-10-26,847,11,4.07,0,0.7
AD-6LQWLV,1003,2025-10-26,50165,689,241.19,37,41.47
AD-UNLPAI,1003,2025-10-26,13381,183,64.33,9,11.06
AD-H0P4E0,1004,2025-10-26,4232,12,28.39,0,0.49
AD-5QMKTG,1004,2025-10-26,44834,134,300.76,0,5.18
AD-V44FTJ,1005,2025-10-26,92,0,0.63,0,1.82
AD-5CCASB,1005,2025-10-26,23754,198,160.88,14,468.9
AD-UOV6TT,1005,2025-10-26,10134,84,68.64,5,200.05
AD-9Q1NI1,1005,2025-10-26,3302,27,22.36,1,65.18
AD-0KQSOS,1006,2025-10-26,4241,23,8.48,0,0.09
AD-X43WFS,1006,2025-10-26,291,1,0.58,0,0.01
AD-QG8X80,1006,2025-10-26,1180,6,2.36,0,0.03
AD-RMHRCN,1006,2025-10-26,47342,261,94.69,1,1.02
AD-BH6NQQ,1006,2025-10-26,4822,26,9.65,0,0.1
AD-B9LZS3,1007,2025-10-26,16900,115,73.66,0,0.22
AD-4JTGXN,1007,2025-10-26,3652,24,15.92,0,0.05
AD-X4SN6S,1007,2025-10-26,41228,281,179.7,1,0.53
AD-M5RRVS,1008,2025-10-26,1520,32,12.96,0,7.4
AD-FFCXHG,1008,2025-10-26,3993,84,34.04,1,19.43
AD-NZEI3Z,1008,2025-10-26,31029,656,264.48,15,150.98
AD-RRHF4A,1008,2025-10-26,3394,71,28.93,1,16.52
AD-BUFWBU,1001,2025-10-27,4246,12,8.49,0,0.0
AD-CJG8VU,1001,2025-10-27,1815,5,3.63,0,0.0
AD-AZXKDQ,1001,2025-10-27,1104,3,2.21,0,0.0
AD-95G3V2,1002,2025-10-27,6168,24,60.07,1,50.82
AD-3GXJ0M,1002,2025-10-27,16200,63,157.78,5,133.49
AD-QVINDH,1003,2025-10-27,3930,41,46.47,2,4.03
AD-4SPFDR,1003,2025-10-27,1092,11,12.92,0,1.12
AD-WB2SER,1003,2025-10-27,7612,79,90.0,5,7.81
AD-EV361X,1003,2025-10-27,27611,289,326.43,20,28.33
AD-SNBTI2,1004,2025-10-27,14545,325,114.92,10,56.23
AD-2NV01Z,1004,2025-10-27,2051,45,16.21,1,7.93
AD-DERI4K,1004,2025-10-27,6022,134,47.58,4,23.28
AD-5OGZ2U,1004,2025-10-27,15693,350,123.99,11,60.67
AD-EAXYLN,1004,2025-10-27,11274,252,89.08,8,43.59
AD-FXJ4PN,1005,2025-10-27,1288,21,12.31,0,19.41
AD-JY1O2R,1005,2025-10-27,2280,38,21.79,1,34.35
AD-NTJLMZ,1005,2025-10-27,1116,18,10.67,0,16.82
AD-04X0QZ,1005,2025-10-27,1580,26,15.1,0,23.81
AD-FHOMTZ,1006,2025-10-27,23661,312,80.08,2,1.42
AD-ZF8ADF,1006,2025-10-27,514,6,1.74,0,0.03
AD-7PCHCB,1006,2025-10-27,2527,33,8.56,0,0.15
AD-N9WSZV,1006,2025-10-27,7927,104,26.83,0,0.48
AD-83XPHX,1007,2025-10-27,8005,148,35.43,0,0.39
AD-2KBVSI,1007,2025-10-27,27920,519,123.57,2,1.36
AD-GBIAF9,1007,2025-10-27,14729,273,65.19,1,0.72
AD-2MOVS0,1008,2025-10-27,2484,33,19.15,0,8.09
AD-CDK36M,1008,2025-10-27,1011,13,7.8,0,3.29
AD-8JVH7U,1008,2025-10-27,2288,30,17.64,0,7.45
AD-JODCK8,1008,2025-10-27,13133,175,101.25,4,42.77
AD-2853UY,1008,2025-10-27,35197,470,271.35,12,114.64
AD-8U118Q,1001,2025-10-28,8641,184,28.08,0,0.3
AD-QVAECW,1001,2025-10-28,9255,197,30.07,0,0.33
AD-9YIL8S,1001,2025-10-28,20690,442,67.23,1,0.73
AD-A3IDY3,1002,2025-10-28,13447,39,145.07,2,88.27
AD-C7RM6J,1002,2025-10-28,1150,3,12.41,0,7.55
AD-8Y6RH0,1002,2025-10-28,2672,7,28.84,0,17.55
AD-5HHIWF,1003,2025-10-28,132,3,1.4,0,0.35
AD-D7YXW1,1003,2025-10-28,2213,53,23.52,4,5.92
AD-TBRWR9,1003,2025-10-28,5761,139,61.22,11,15.42
AD-65R96K,1003,2025-10-28,918,22,9.76,1,2.46
AD-HUB2RT,1004,2025-10-28,13560,253,68.51,10,70.05
AD-SOYG9Z,1004,2025-10-28,8630,161,43.6,6,44.59
AD-QYAHUL,1004,2025-10-28,2409,45,12.17,1,12.45
AD-WJTIQW,1004,2025-10-28,24549,458,124.03,18,126.82
AD-NRHZN4,1004,2025-10-28,4965,92,25.09,3,25.65
AD-KGEUID,1005,2025-10-28,22190,330,64.43,17,579.16
AD-JIPNF8,1005,2025-10-28,14988,222,43.52,11,391.2
AD-F3GR94,1006,2025-10-28,262,4,2.53,0,0.01
AD-SZ2KUU,1006,2025-10-28,242,4,2.33,0,0.01
AD-OYC3RW,1006,2025-10-28,17637,301,169.8,1,1.0
AD-QMMU7J,1006,2025-10-28,3156,53,30.39,0,0.18
AD-AE58HU,1007,2025-10-28,27700,235,85.8,0,0.1
AD-XG2MYR,1007,2025-10-28,29816,252,92.35,0,0.1
AD-06NKWF,1008,2025-10-28,12135,109,90.11,1,11.73
AD-G3MWU4,1008,2025-10-28,35588,322,264.26,5,34.41
AD-CFILKJ,1008,2025-10-28,810,7,6.02,0,0.78
AD-XJQ5NV,1008,2025-10-28,666,6,4.95,0,0.64
AD-8OGA0X,1008,2025-10-28,3760,34,27.92,0,3.64
AD-7ZCGDC,1001,2025-10-29,10887,67,45.07,0,0.0
AD-5TAO1C,1001,2025-10-29,490,3,2.03,0,0.0
AD-JFX5LI,1002,2025-10-29,3594,65,47.09,2,47.73
AD-KWE4BX,1002,2025-10-29,19384,354,253.94,13,257.39
AD-4LR9TJ,1002,2025-10-29,185,3,2.44,0,2.47
AD-Q8ZGVW,1002,2025-10-29,9182,168,120.3,6,121.93
AD-WUSXLM,1003,2025-10-29,2936,54,17.24,3,5.58
AD-T2PNJK,1003,2025-10-29,218,4,1.28,0,0.42
AD-A34MQA,1004,2025-10-29,34186,470,100.17,16,97.06
AD-78RAPK,1004,2025-10-29,2019,27,5.92,0,5.73
AD-IANOUO,1004,2025-10-29,222,3,0.65,0,0.63
AD-F0ONJP,1004,2025-10-29,12716,174,37.26,6,36.11
AD-I163YK,1004,2025-10-29,5407,74,15.84,2,15.35
AD-03O4GK,1005,2025-10-29,3114,40,32.54,1,32.87
AD-WWJWGA,1005,2025-10-29,4707,61,49.18,1,49.68
AD-BTGDJZ,1005,2025-10-29,9443,124,98.64,3,99.66
AD-0IFRML,1006,2025-10-29,5744,40,41.7,0,0.03
AD-29Q2L4,1006,2025-10-29,41255,289,299.45,0,0.22
AD-8C1CQG,1007,2025-10-29,8188,76,106.69,0,0.16
AD-433E1I,1007,2025-10-29,36879,342,480.55,2,0.73
AD-1P0BQ1,1007,2025-10-29,2831,26,36.89,0,0.06
AD-S9RYLL,1008,2025-10-29,2407,19,16.43,0,0.0
AD-WB7SJW,1008,2025-10-29,921,7,6.29,0,0.0
AD-H55HEW,1008,2025-10-29,1662,13,11.34,0,0.0
AD-LGJE2A,1008,2025-10-29,1641,13,11.2,0,0.0
AD-B2RVND,1001,2025-10-30,3395,47,21.2,0,0.0
AD-FDW79W,1001,2025-10-30,1995,27,12.46,0,0.0
AD-CXZ2EI,1001,2025-10-30,1965,27,12.27,0,0.0
AD-9212PG,1002,2025-10-30,6790,117,45.95,8,351.38
AD-YME6RP,1002,2025-10-30,8774,151,59.37,11,453.99
AD-KZGGM0,1002,2025-10-30,7394,127,50.04,9,382.63
AD-J36TCF,1003,2025-10-30,2926,37,7.86,2,3.11
AD-KJNAWN,1003,2025-10-30,3387,42,9.1,3,3.6
AD-GA41IZ,1003,2025-10-30,9308,117,24.99,9,9.89
AD-XTNSRT,1003,2025-10-30,1971,24,5.29,2,2.1
AD-WLXDSC,1003,2025-10-30,20555,260,55.2,21,21.85
AD-4E5HRD,1004,2025-10-30,1831,27,8.17,0,3.61
AD-U4XSZJ,1004,2025-10-30,9233,137,41.19,2,18.19
AD-NVC7HR,1004,2025-10-30,750,11,3.35,0,1.48
AD-6C2CU7,1004,2025-10-30,2871,42,12.81,0,5.66
AD-ONZ3JB,1005,2025-10-30,7719,88,46.58,5,189.38
AD-CK88D0,1005,2025-10-30,12705,144,76.66,9,311.71
AD-TGSIWG,1006,2025-10-30,2006,26,15.5,0,0.0
AD-0ODWMQ,1006,2025-10-30,394,5,3.05,0,0.0
AD-X5GGOM,1006,2025-10-30,3901,51,30.13,0,0.0
AD-F9PML9,1006,2025-10-30,1178,15,9.1,0,0.0
AD-LN1P0V,1007,2025-10-30,29731,323,296.04,1,1.07
AD-UH17J8,1007,2025-10-30,4042,43,40.25,0,0.14
AD-QO09VS,1008,2025-10-30,6427,95,40.45,1,13.82
AD-9KKH4A,1008,2025-10-30,17392,258,109.47,5,37.38
AD-3YJTU7,1001,2025-10-31,1542,8,6.91,0,0.0
AD-FBMENU,1001,2025-10-31,10056,53,45.06,0,0.0
AD-I3DO70,1001,2025-10-31,14126,75,63.29,0,0.0
AD-02G3YU,1002,2025-10-31,9811,82,116.99,6,187.0
AD-6VK0UC,1002,2025-10-31,7479,62,89.17,5,142.54
AD-C1M3O5,1002,2025-10-31,6889,57,82.14,4,131.29
AD-5IXVA1,1003,2025-10-31,1740,29,15.41,1,1.89
AD-NKBTFS,1003,2025-10-31,14539,243,128.77,11,15.79
AD-HB0OQV,1004,2025-10-31,1016,6,8.66,0,0.0
AD-SHKOEC,1004,2025-10-31,667,4,5.68,0,0.0
AD-UBODS1,1004,2025-10-31,94,0,0.8,0,0.0
AD-EEURXH,1004,2025-10-31,1011,6,8.61,0,0.0
AD-W0IC1L,1005,2025-10-31,8023,112,61.46,7,187.48
AD-7DYPML,1005,2025-10-31,2211,31,16.94,1,51.69
AD-VAK9W9,1005,2025-10-31,17441,245,133.61,15,407.56
AD-PFB3HN,1005,2025-10-31,8150,114,62.43,7,190.45
AD-14EB87,1005,2025-10-31,6030,84,46.2,5,140.92
AD-53AYEQ,1006,2025-10-31,5438,16,14.77,0,0.0
AD-AHTHSJ,1006,2025-10-31,42759,127,116.13,0,0.0
AD-R0FZAU,1006,2025-10-31,1333,3,3.62,0,0.0
AD-XBGK2W,1007,2025-10-31,4318,50,26.31,0,0.0
AD-BXANJ4,1007,2025-10-31,2505,29,15.26,0,0.0
AD-X5A5XI,1007,2025-10-31,2920,34,17.79,0,0.0
AD-N9DL5T,1008,2025-10-31,883,10,6.59,0,2.63
AD-GSQ7AI,1008,2025-10-31,5507,67,41.11,1,16.39
AD-TMOFMM,1001,2025-11-01,109,1,0.67,0,0.0
AD-WI9S3W,1001,2025-11-01,5546,52,34.14,0,0.0
AD-563BTK,1002,2025-11-01,12911,212,56.07,12,318.0
AD-F6XDN8,1002,2025-11-01,7440,122,32.31,7,183.26
AD-WWIIF8,1002,2025-11-01,6073,99,26.37,5,149.58
AD-6LTHET,1002,2025-11-01,15045,247,65.33,14,370.57
AD-25LZSE,1002,2025-11-01,1383,22,6.01,1,34.09
AD-99F77L,1003,2025-11-01,13387,259,98.32,11,9.48
AD-U8EL50,1003,2025-11-01,4808,93,35.31,4,3.4
AD-15OOP7,1003,2025-11-01,1830,35,13.44,1,1.3
AD-67J2DG,1003,2025-11-01,163,3,1.2,0,0.12
AD-1WJUII,1004,2025-11-01,18656,119,143.94,4,30.14
AD-YMYRSV,1004,2025-11-01,152,0,1.17,0,0.25
AD-ZN4REG,1004,2025-11-01,7090,45,54.71,1,11.46
AD-B1AJO0,1004,2025-11-01,513,3,3.96,0,0.83
AD-91C795,1004,2025-11-01,14445,92,111.45,3,23.34
AD-RLQIOB,1005,2025-11-01,2955,44,32.87,2,72.86
AD-0NLW0V,1005,2025-11-01,588,8,6.55,0,14.51
AD-S52SQ3,1005,2025-11-01,1553,23,17.28,1,38.29
AD-B9SO0U,1005,2025-11-01,1019,15,11.34,0,25.13
AD-SWBKOK,1005,2025-11-01,1127,16,12.54,0,27.79
AD-3QPWBS,1006,2025-11-01,2463,25,11.01,0,0.14
AD-F3Q0E2,1006,2025-11-01,4978,52,22.25,0,0.29
AD-7ZEOQG,1006,2025-11-01,32071,336,143.36,3,1.88
AD-VZHQJY,1007,2025-11-01,5758,47,43.67,0,0.0
AD-62ZEEQ,1007,2025-11-01,14787,122,112.14,0,0.0
AD-NSN2S8,1007,2025-11-01,1696,14,12.86,0,0.0
AD-NN16UX,1007,2025-11-01,3941,32,29.89,0,0.0
AD-F5GZPL,1007,2025-11-01,3720,30,28.22,0,0.0
AD-1QWEEH,1008,2025-11-01,6394,22,43.16,0,1.52
AD-WJQ4TA,1008,2025-11-01,5509,19,37.19,0,1.31
AD-5IVROC,1008,2025-11-01,13772,48,92.98,0,3.27
AD-VITWU3,1008,2025-11-01,363,1,2.45,0,0.09
AD-BFXB4Y,1008,2025-11-01,12818,45,86.53,0,3.04
